artist_id,name,origin
0,2 Chainz,"College Park, Georgia, U.S."
1,2 Pistols,"Tarpon Springs, Florida, U.S."
2,21 Savage,"Atlanta, Georgia, U.S."
3,24kGoldn,"San Francisco, California, U.S."
4,3 Doors Down,"Escatawpa, Mississippi, U.S."
5,3OH!3,"Boulder, Colorado, U.S."
6,42 Dugg,"Detroit, Michigan, U.S."
7,5 Seconds Of Summer,"Sydney, New South Wales, Australia"
8,50 Cent,"New York City, U.S."
9,6ix9ine,"New York City, U.S."
10,6LACK,"Atlanta, Georgia, U.S."
11,A Boogie Wit da Hoodie,"New York City, U.S."
12,A Great Big World,"New York City, New York, United States"
13,A$AP Ferg,"New York City, U.S."
14,A$AP Rocky,"New York City, U.S."
15,Ace Hood,"Deerfield Beach, Florida, U.S."
16,Adam Lambert,"San Diego, California, U.S."
17,Adam Levine,"Los Angeles, California, U.S."
18,Adele,"London, England"
19,Afrojack,"Spijkenisse, South Holland, Netherlands"
20,AJR,"Manhattan, New York, U.S."
21,Akon,"Newark, New Jersey, U.S."
22,Alessia Cara,"Mississauga, Ontario, Canada"
23,Alex Clare,"Golders Green, London, England"
24,Ali,"c. 600 CEMecca, Hejaz, Arabia"
25,Alicia Keys,"New York City, U.S."
26,Aloe Blacc,"Laguna Hills, California, U.S."
27,AlunaGeorge,"London, England"
28,American Authors,"Boston, Massachusetts, United States"
29,Amine,"Casablanca, Morocco"
30,Amy Winehouse,"Southgate, London, England"
31,Anderson .Paak,"Oxnard, California, U.S."
32,Andre 3000,"Atlanta, Georgia, U.S."
33,Andy Grammer,"Los Angeles, California, U.S."
34,Anna Kendrick,"Portland, Maine, U.S."
35,Anne-Marie,"East Tilbury, Essex, England"
36,Ariana Grande,"Boca Raton, Florida, U.S."
37,Arizona Zervas,"Hagerstown, Maryland, U.S."
38,Asher Roth,"Morrisville, Pennsylvania, U.S."
39,ATR Son Son,"St. Petersburg, Florida, U.S."
40,Ava Max,"Milwaukee, Wisconsin, U.S."
41,Avicii,"Stockholm, Sweden"
42,Avril Lavigne,"Belleville, Ontario, Canada"
43,AWOLNATION,"Los Angeles, California, U.S."
44,Ayo and Teo,"Ann Arbor, Michigan, USA"
45,B.o.B,"Decatur, Georgia, U.S."
46,Baauer,"Philadelphia, Pennsylvania, U.S."
47,Baby Bash,"Houston, Texas, U.S."
48,Baby Boy Da Prince,"New Orleans, Louisiana, United States"
49,Bad Bunny,"Vega Baja, Puerto Rico"
50,Bad Meets Evil,"Detroit, Michigan, U.S."
51,Bastille,"London, England"
52,Bazzi,"Canton, Michigan, U.S."
53,beabadoobee,"Manila, Philippines"
54,Bebe Rexha,"Brooklyn, New York City, U.S."
55,Becky G,"Inglewood, California, U.S."
56,BENEE,"Grey Lynn, Auckland, New Zealand"
57,benny blanco,"Reston, Virginia, U.S."
58,Beyonce,"Houston, Texas, U.S."
59,Big Sean,"Detroit, Michigan, U.S."
60,Billie Eilish,"Los Angeles, California, U.S."
61,Billy Currington,"Rincon, Georgia, U.S."
62,Billy Ray Cyrus,"Flatwoods, Kentucky, U.S."
63,Bipolar Sunshine,"Manchester, England"
64,Birdman,"New Orleans, Louisiana, U.S."
65,BJ The Chicago Kid,"Chicago, Illinois, U.S."
66,Black Eyed Peas,"Los Angeles, California, U.S."
67,blackbear,"Palm Coast, Florida, U.S."
68,Blake Shelton,"Nashville, Tennessee, U.S."
69,Blanco Brown,"Atlanta, Georgia, U.S."
70,BlocBoy JB,"Memphis, Tennessee, U.S."
71,Blue October,"Houston, Texas, U.S."
72,Blueface,"Los Angeles, California, U.S."
73,Bobby Shmurda,"Brooklyn, New York, U.S."
74,Bobby Valentino,"Mississippi, U.S."
75,Bon Jovi,"Sayreville, New Jersey, U.S."
76,Bone Thugs-N-Harmony,"Cleveland, Ohio, U.S."
77,Bow Wow,"London, England"
78,Boys Like Girls,"Boston, Massachusetts, U.S."
79,Brad Paisley,"Glen Dale, West Virginia, U.S."
80,Bradley Cooper,"Abington Township, Pennsylvania, U.S."
81,Brandy 'Ms. B.' Hambrick,
82,Brantley Gilbert,"Jefferson, Georgia, U.S."
83,Brenda Lee,"Atlanta, Georgia, US"
84,Brendon Urie,"Las Vegas, Nevada, U.S."
85,Brett Young,"Anaheim, Orange County, California"
86,Britney Spears,"McComb, Mississippi, U.S."
87,BRS Kash,"Atlanta, Georgia, U.S."
88,Bruno Mars,"Honolulu, Hawaii, U.S."
89,Bryson Tiller,"Louisville, Kentucky, U.S."
90,BTS,"Seoul, South Korea"
91,Bubba Sparxxx,"LaGrange, Georgia, U.S."
92,Buckcherry,"Anaheim, California, U.S."
93,Busta Rhymes,"New York City, U.S."
94,Ca$h Out,"Atlanta, Georgia, U.S."
95,Calboy,"Calumet City, Illinois, U.S."
96,Cali Swag District,"Inglewood, California, US"
97,Calvin Harris,"Dumfries, Scotland"
98,Camila Cabello,"Cojímar, Havana, Cuba"
99,Capital Cities,"Los Angeles, California, US"
100,Cardi B,"New York City, U.S."
101,Carly Pearce,"Taylor Mill, Kentucky, U.S."
102,Carly Rae Jepsen,"Mission, British Columbia, Canada"
103,Carrie Underwood,"Muskogee, Oklahoma, U.S."
104,Cascada,"Bonn, Germany"
105,Casper Magico,"San Juan, Puerto Rico"
106,Cassie,"New London, Connecticut, U.S."
107,Cataracs,"Berkeley, California, United States"
108,Cedric Gervais,"Marseille, France"
109,Chad Kroeger,"Hanna, Alberta, Canada"
110,Chamillionaire,"Houston, Texas, U.S."
111,Chance The Rapper,"Chicago, Illinois, U.S."
112,Charlay,
113,Charli XCX,"Cambridge, England"
114,Charlie Puth,"Rumson, New Jersey, U.S."
115,Chase Rice,"Asheville, North Carolina, U.S."
116,Cheat Codes,"Los Angeles, California, United States"
117,Cher Lloyd,"Malvern, Worcestershire, England"
118,Cherine Anderson,"Kingston, Jamaica"
119,Cherish,"Atlanta, Georgia, United States"
120,Childish Gambino,"Stone Mountain, Georgia, U.S."
121,Chingy,"St. Louis, Missouri, U.S."
122,Chris Brown,"Tappahannock, Virginia, U.S."
123,Chris Stapleton,"Nashville, Tennessee, U.S."
124,Chris Young,"Red Bank, New Jersey, U.S."
125,Christina Aguilera,"Los Angeles, California, U.S."
126,Christina Perri,"Bensalem, Pennsylvania, U.S."
127,Ciara,"Riverdale, Georgia, U.S."
128,City Girls,"Miami, Florida, U.S."
129,CJ,"Staten Island, New York"
130,Clean Bandit,"Cambridge, England"
131,Cobra Starship,"New York City, U.S."
132,Coi Leray,"Hackensack, New Jersey, U.S."
133,Colbie Caillat,"Malibu, California"
134,Colby O'Donis,"Orlando, Florida, U.S."
135,Coldplay,"London, England"
136,Cole Swindell,"Franklin, Tennessee, U.S."
137,Cory Gunz,"The Bronx, New York City, U.S."
138,Crime Mob,"Atlanta, Georgia, U.S."
139,D.R.A.M.,"Hampton, Virginia, U.S."
140,D4L,"Atlanta, Georgia, United States"
141,Da Brat,"Chicago, Illinois, U.S."
142,DaBaby,"Charlotte, North Carolina, U.S."
143,Daddy Yankee,"San Juan, Puerto Rico"
144,Daft Punk,"Paris, France"
145,Dan and Shay,"Nashville, Tennessee, U.S."
146,Daniel Caesar,"Oshawa, Ontario, Canada"
147,Daniel Powter,"Vernon, British Columbia, Canada"
148,Danity Kane,"New York City, U.S."
149,Darell,
150,Darius Rucker,"Charleston, South Carolina, U.S."
151,Daughtry,"Lasker, North Carolina, U.S."
152,David Archuleta,"Murray, Utah, U.S."
153,David Banner,"Jackson, Mississippi, U.S."
154,David Cook,"Blue Springs, Missouri, U.S."
155,David Guetta,"Paris, France"
156,Daya,"Mt. Lebanon, Pennsylvania, U.S."
157,Dean Lewis,"Sydney, New South Wales, Australia"
158,Dem Franchize Boyz,"Atlanta, Georgia, U.S."
159,Demi Lovato,"Albuquerque, New Mexico, U.S."
160,Descemer Bueno,"Havana, Cuba"
161,Desiigner,"New York City, U.S."
162,Dev,"Tracy, California, U.S."
163,Diddy,"New York City, U.S."
164,Dierks Bentley,"Phoenix, Arizona, U.S."
165,Diplo,"Philadelphia, Pennsylvania, U.S."
166,Disciples,
167,Disclosure,"Reigate, Surrey, U.K."
168,DJ Frank E,"Denver, Colorado, United States"
169,DJ Khaled,"New Orleans, Louisiana, U.S."
170,DJ Snake,"bejaia, Algerian"
171,DNCE,"Los Angeles, California, U.S."
172,Doja Cat,"Los Angeles, California, U.S."
173,Don Toliver,"Houston, Texas, U.S."
174,Dr. Dre,"Compton, California, U.S."
175,Drake,"Toronto, Ontario, Canada"
176,Dua Lipa,"London, England"
177,Duncan Laurence,"Spijkenisse, Netherlands"
178,Dustin Lynch,"Tullahoma, Tennessee, U.S."
179,Dwele,"Detroit, Michigan, U.S."
180,E-40,"East Bay, California"
181,Echosmith,"Chino, California, U.S."
182,Ed Sheeran,"Halifax, West Yorkshire, England"
183,Edward Maya,"Bucharest, Romania"
184,Eightball,"Brisbane Queensland, Australia"
185,Eli Young Band,"Denton, Texas, U.S."
186,Ella Henderson,"Tetney, Lincolnshire, England"
187,Ella Mai,"New York City, New York, United States"
188,Elle King,"New York City, U.S."
189,Ellie Goulding,"Hereford, England"
190,Elliott Yamin,"Richmond, Virginia, U.S."
191,Emeli Sande,"Sunderland, Tyne and Wear, England"
192,Emilee,"Meridian, Mississippi, U.S."
193,Eminem,"Detroit, Michigan, U.S."
194,Enrique Iglesias,"Miami-Dade County, Florida, U.S."
195,Eric Church,"Nashville, Tennessee, U.S."
196,Eric Nally,"Cincinnati, Ohio, United States"
197,Eric Turner,"Boston, Massachusetts, U.S."
198,Estelle,"London, England"
199,Evanescence,"Little Rock, Arkansas, U.S."
200,Fabolous,"New York City, U.S."
201,Fall Out Boy,"Wilmette, Illinois, U.S."
202,Far*East Movement,"Mymensingh, Bengal Presidency, British India"
203,Fat Joe,"New York City, U.S."
204,Fergie,"Hacienda Heights, California, U.S."
205,Fetty Wap,"Paterson, New Jersey, U.S."
206,Field Mob,"Albany, Georgia, United States"
207,Fifth Harmony,"Miami, Florida, U.S."
208,Finger Eleven,"Burlington, Ontario, Canada"
209,Flipp Dinero,"Canarsie, Brooklyn, New York, U.S."
210,Flo Rida,"Miami Gardens, Florida, U.S."
211,Florence Welch,"Camberwell, London, England"
212,Florida Georgia Line,"Nashville, Tennessee, U.S."
213,Flume,"Sydney, New South Wales, Australia"
214,Fort Minor,"Los Angeles, California, U.S."
215,Foster The People,"Los Angeles, California, U.S."
216,Foxes,"Seattle, Washington, U.S."
217,Frank Ocean,"New Orleans, Louisiana, U.S."
218,French Montana,"New York City, United States"
219,Friends,
220,fun.,"New York City, New York, U.S."
221,Future,"Atlanta, Georgia, U.S."
222,G-Eazy,"Oakland, California, U.S."
223,Gabby Barrett,"Munhall, Pennsylvania, U.S."
224,Gavin DeGraw,"South Fallsburg, New York, U.S."
225,Gavin Rossdale,"Marylebone, London, England"
226,Gente de Zona,"Havana, Cuba"
227,George Ezra,"Hertford, Hertfordshire, England"
228,Gipp,"Laurium, Michigan"
229,Giveon,"Long Beach, California, U.S."
230,Glass Animals,"Oxford, England"
231,Gnarls Barkley,"Atlanta, Georgia, United States"
232,gnash,"Los Angeles, California, U.S."
233,GoonRock,"Trenton, New Jersey, Hollywood, California"
234,Gorillaz,"London, England"
235,Gotye,"Melbourne, Victoria, Australia"
236,Grace Potter,
237,Grandmaster Caz,"The Bronx, New York City, New York"
238,Green Day,"East Bay, California, U.S."
239,Grey,"Los Angeles, California, U.S."
240,Gucci Mane,"Atlanta, Georgia, U.S."
241,Gunna,"College Park, Georgia, U.S."
242,Gus Dapperton,"Warwick, New York, U.S."
243,Gwen Stefani,"Anaheim, California, U.S."
244,Gym Class Heroes,"Geneva, New York, U.S."
245,H.E.R.,"Vallejo, California, U.S."
246,Hailee Steinfeld,"Tarzana, California, U.S."
247,Halsey,"Edison, New Jersey, U.S."
248,Harry Styles,"Redditch, England"
249,Havana Brown,"Melbourne, Victoria, Australia"
250,Hayley Williams,"Franklin, Tennessee, U.S."
251,Hellogoodbye,"Huntington Beach, California"
252,Hinder,"Oklahoma City, Oklahoma, U.S."
253,Hollis,"Petaluma, California, U.S."
254,Holly Brook,"Mazomanie, Wisconsin, U.S."
255,Hot Chelle Rae,"Nashville, Tennessee, U.S."
256,Hozier,"Bray, County Wicklow, Ireland"
257,Huey,"Kinloch, Missouri, U.S."
258,Hunter Hayes,"Breaux Bridge, Louisiana, U.S."
259,Hurricane Chris,"Shreveport, Louisiana, U.S."
260,I LOVE MAKONNEN,"Atlanta, Georgia, U.S."
261,iann dior,"Corpus Christi, Texas, U.S."
262,Icona Pop,"Stockholm, Sweden"
263,Idina Menzel,"New York City, U.S."
264,Iggy Azalea,"Sydney, New South Wales, Australia"
265,iLoveMemphis,"Memphis, Tennessee, United States"
266,Imagine Dragons,"Las Vegas, Nevada, U.S."
267,Internet Money,"Los Angeles, California, U.S."
268,Iyaz,"Tortola, British Virgin Islands"
269,J Balvin,"Medellín, Colombia"
270,J. Cole,"Fayetteville, North Carolina, U.S."
271,J. Holiday,"Washington, D.C., United States"
272,Jack Harlow,"Louisville, Kentucky, U.S."
273,Jake Owen,"Vero Beach, Florida, U.S."
274,James Arthur,"Middlesbrough, North Yorkshire, England"
275,James Bay,"Hitchin, Hertfordshire, England, United Kingdom"
276,James Blake,"Enfield, London, England"
277,James Blunt,"Tidworth, Wiltshire, England"
278,James Newton Howard,"Los Angeles, California, U.S."
279,Jamie Foxx,"Terrell, Texas, U.S."
280,Janelle Monae,"Kansas City, Kansas, U.S."
281,Jason Aldean,"Nashville, Tennessee, U.S."
282,Jason Derulo,"Miramar, Florida, U.S."
283,Jason Mraz,"Mechanicsville, Virginia, U.S."
284,Jawsh 685,"Auckland, New Zealand"
285,Jay Rock,"Los Angeles, California, U.S."
286,Jay Sean,"London, England"
287,Jay-Z,"New York City, U.S."
288,Jeezy,"Atlanta, Georgia, U.S."
289,Jennifer Lawrence,"Indian Hills, Kentucky, U.S."
290,Jennifer Lopez,"New York City, U.S."
291,Jeremih,"Chicago, Illinois, U.S."
292,Jermaine Dupri,"Atlanta, Georgia, U.S."
293,Jerrod Niemann,"Liberal, Kansas, U.S."
294,Jess Glynne,"Hampstead, London, England"
295,Jesse McCartney,"Ardsley, New York, U.S."
296,Jessie J,"Redbridge, London, England"
297,Jhay Cortez,"Río Piedras, San Juan, Puerto Rico"
298,Jhene Aiko,"Los Angeles, California, U.S."
299,Jibbs,"St. Louis, Missouri, U.S."
300,Jidenna,"Wisconsin Rapids, Wisconsin"
301,Jim Jones,"Crete, Indiana, U.S."
302,Jimmy Buffett,"Key West, Florida, U.S."
303,John Legend,"Springfield, Ohio, U.S."
304,John Martin,"London, England"
305,John Mayer,"Bridgeport, Connecticut, U.S."
306,Johnta Austin,"Atlanta, Georgia, United States"
307,JoJo,"Omaha, Nebraska, U.S."
308,Jon Bellion,"Dix Hills, New York, U.S."
309,Jonas Brothers,"Wyckoff, New Jersey, U.S."
310,Jordin Sparks,"Phoenix, Arizona, U.S."
311,JP Saxe,"Toronto, Ontario, Canada"
312,Juelz Santana,"New York City, U.S."
313,Juice WRLD,"Homewood, Illinois, U.S."
314,Juicy J,"Memphis, Tennessee, U.S."
315,Julia Michaels,"Santa Clarita, California, U.S."
316,Justin Bieber,"London, Ontario, Canada"
317,Justin Timberlake,"Memphis, Tennessee, U.S."
318,Kai,"Tilsit, East Prussia, Greater German Reich"
319,Kali Uchis,"Alexandria, Virginia, U.S."
320,Kandi Girl,"College Park, Georgia, U.S."
321,Kane Brown,"Nashville, Tennessee, U.S."
322,Kanye West,"Chicago, Illinois, U.S."
323,Kardinal Offishall,"Scarborough, Ontario, Canada"
324,Karmin,"Boston, Massachusetts, U.S."
325,Katy Perry,"Santa Barbara, California, U.S."
326,Ke$ha,"Los Angeles, California, U.S."
327,Keith Urban,"Caboolture, Queensland, Australia"
328,Kelis,"New York City, U.S."
329,Kelly Clarkson,"Fort Worth, Texas, U.S."
330,Kelly Rowland,"Houston, Texas, U.S."
331,Kendrick Lamar,"Compton, California, U.S."
332,Kenny Chesney,"Knoxville, Tennessee, U.S."
333,Kent Jones,"Tallahassee, Florida, U.S."
334,Keri Hilson,"Decatur, Georgia, U.S."
335,Kevin Gates,"Baton Rouge, Louisiana, U.S."
336,Kevin McCall,"Seattle, Washington, U.S."
337,Kevin Rudolf,"Pulaski, Mississippi, U.S."
338,Keyshia Cole,"Oakland, California, U.S."
339,Khalid,"El Paso, Texas, U.S."
340,Kid Cudi,"Cleveland, Ohio, U.S."
341,Kid Ink,"Los Angeles, California, U.S."
342,Kid Rock,"Romeo, Michigan, U.S."
343,Kidd Kidd,"New Orleans, Louisiana, U.S."
344,Kiiara,"Wilmington, Illinois, U.S."
345,Kimbra,"Hamilton, New Zealand"
346,Kings Of Leon,"Mt. Juliet, Tennessee, U.S."
347,Kip Moore,"Nashville, Tennessee, United States"
348,Kirko Bangz,"Houston, Texas, U.S."
349,Kodak Black,"Pompano Beach, Florida, U.S."
350,KONGOS,"Pretoria, South Africa"
351,Kool Moe Dee,"Manhattan, New York City, New York, U.S."
352,Krayzie Bone,"Cleveland, Ohio, U.S."
353,Kris Allen,"Conway, Arkansas, U.S."
354,Kristinia DeBarge,"Los Angeles, California, U.S."
355,KT Tunstall,"Edinburgh, Scotland"
356,Kygo,"Bergen, Norway"
357,Kyla,"Felixstowe, Suffolk, United Kingdom"
358,KYLE,"Ventura, California, U.S."
359,La Roux,"London, England, UK"
360,Lady Antebellum,"Nashville, Tennessee, U.S."
361,Lady Gaga,"New York City, U.S."
362,Lainey Wilson,"Baskin, Louisiana, U.S."
363,Lana Del Rey,"New York City, U.S."
364,Lauren Alaina,"Rossville, Georgia, U.S."
365,Lauren Bennett,"Meopham, Kent, England"
366,Lauren Daigle,"Lake Charles, Louisiana, U.S."
367,Lauv,"San Francisco, California, U.S."
368,Lee Brice,"Nashville, Tennessee"
369,Leighton Meester,"Fort Worth, Texas, U.S."
370,Leona Lewis,"Islington, London, England"
371,Lewis Capaldi,"Glasgow, Scotland"
372,Liam Payne,"Wolverhampton, England"
373,Lifehouse,"Los Angeles, California, U.S."
374,Lil Baby,"Atlanta, Georgia, U.S."
375,Lil Boosie,"Baton Rouge, Louisiana, U.S."
376,Lil Dicky,"Cheltenham Township, Pennsylvania, U.S."
377,Lil Durk,"Chicago, Illinois, U.S."
378,Lil Jon,"Atlanta, Georgia, U.S."
379,Lil Kim,"Brooklyn, New York City, U.S."
380,Lil Mosey,"Seattle, Washington, U.S."
381,Lil Nas X,"Austell, Georgia, U.S."
382,Lil Peanut,"Memphis, Tennessee, U.S."
383,Lil Pump,"Miami, Florida, U.S."
384,Lil Scrappy,"Brooklyn, New York, U.S."
385,Lil Tecca,"Springfield Gardens, New York, U.S."
386,Lil Tjay,"New York City, U.S."
387,Lil Uzi Vert,"Philadelphia, Pennsylvania, U.S."
388,Lil Wayne,"Hollygrove, New Orleans, Louisiana, U.S."
389,Lil Yachty,"Atlanta, Georgia, U.S."
390,Lil' Boosie,"Baton Rouge, Louisiana, U.S."
391,Lil' Phat,"Baton Rouge, Louisiana, U.S."
392,Lily Allen,"Hammersmith, London, England"
393,Linkin Park,"Agoura Hills, California, U.S."
394,Little Big Town,"Homewood, Alabama, U.S."
395,Lizzo,"Houston, Texas, U.S."
396,Lloyd,"New Orleans, Louisiana, U.S."
397,LMFAO,"Pacific Palisades, Los Angeles, California, U.S."
398,Logic,"Rockville, Maryland, U.S."
399,Lookas,"Miami, Florida, United States"
400,Lorde,"Takapuna, Auckland, New Zealand"
401,Ludacris,"Atlanta, Georgia, U.S."
402,Luis Fonsi,"Orlando, Florida, U.S."
403,Lukas Graham,"Copenhagen, Denmark"
404,Luke Bryan,"Nashville, Tennessee, U.S."
405,Luke Combs,"Charlotte, North Carolina, U.S."
406,Lupe Fiasco,"Chicago, Illinois, U.S."
407,M.I.A.,"London, England"
408,Mac Miller,"Pittsburgh, Pennsylvania, U.S."
409,Machine Gun Kelly,"Cleveland, Ohio, U.S."
410,Macklemore,"Seattle, Washington, U.S."
411,Maddie,"Nashville, Tennessee, U.S."
412,Madonna,"New York City, U.S."
413,MAGIC!,"Lansing, Michigan, U.S."
414,Majid Jordan,"Toronto, Ontario, Canada"
415,Major Lazer,"Miami, Florida, U.S."
416,Maneskin,"Rome, Italy"
417,Maren Morris,"Arlington, Texas, U.S."
418,Mariah Carey,"Huntington, New York, U.S."
419,Marian Hill,"Philadelphia, Pennsylvania"
420,Mario,"Baltimore, Maryland, U.S."
421,Mark Ronson,"New York City, U.S."
422,Maroon 5,"Los Angeles, California, U.S."
423,Marshmello,"Philadelphia, Pennsylvania, U.S."
424,Martin Garrix,"Amstelveen, Netherlands"
425,Mary J. Blige,"Savannah, Georgia, U.S. Yonkers, New York, U.S."
426,Mary Lambert,"Seattle, Washington, U.S."
427,Masked Wolf,"Sydney, New South Wales, Australia"
428,Matthew Santos,"Minneapolis, Minnesota, U.S."
429,MAX,"Manhattan, New York City, U.S."
430,Maxwell,"Hamburg, Germany"
431,Meek Mill,"Philadelphia, Pennsylvania, U.S."
432,Megan Thee Stallion,"Houston, Texas, U.S."
433,Meghan Trainor,"North Eastham, Massachusetts, U.S."
434,Melle Mel,"The Bronx, New York City, New York, U.S."
435,Metro Boomin,"St. Louis, Missouri, U.S."
436,Metro Station,"Los Angeles, California, U.S."
437,Michael Buble,"Burnaby, British Columbia, Canada"
438,Michael Franti,"San Francisco, California,U.S."
439,Michael Jackson,"Gary, Indiana, U.S."
440,Migos,"Lawrenceville, Georgia, U.S."
441,Miguel,"Los Angeles, California, U.S."
442,Mike Jones,"Houston, Texas, U.S."
443,Mike Posner,"Southfield, Michigan, U.S."
444,Mike WiLL Made-It,"Atlanta, Georgia, U.S."
445,Mikky Ekko,"Shreveport, Louisiana, United States"
446,Miley Cyrus,"Franklin, Tennessee, U.S."
447,Mims,"New York City, U.S."
448,Miranda Lambert,"Lindale, Texas, U.S."
449,Missy Elliott,"Portsmouth, Virginia, U.S."
450,MJG,"Orange Mound, Memphis, Tennessee, U.S."
451,MKTO,"Los Angeles, California, U.S."
452,MNEK,"Bellingham, London, England"
453,MO,"Ubberud, Odense, Denmark"
454,Moneybagg Yo,"South Memphis, Memphis, Tennessee, U.S."
455,Monty,"Chezal-Benoît, Cher, France"
456,Mooski,"Opp, Alabama, U.S."
457,Morgan Wallen,"Corryton, Tennessee, U.S."
458,Mr. ColliPark,"College Park, Georgia, U.S."
459,Mr. Hudson,"Birmingham, England"
460,Mr. Probz,"Zoetermeer, Netherlands"
461,Mumford,"London, United Kingdom"
462,Murda Beatz,"Toronto, Ontario, Canada"
463,Mustard,"Los Angeles, California, U.S."
464,My Chemical Romance,"Newark, New Jersey, U.S."
465,N*E*R*D,"Virginia Beach, Virginia, U.S."
466,Natalie La Rose,"Amsterdam, Netherlands"
467,Natasha Bedingfield,"Haywards Heath, West Sussex, England"
468,Nate Dogg,"Long Beach, California"
469,Nate Ruess,"Glendale, Arizona, U.S."
470,Naughty Boy,"Watford, England"
471,NAV,"Rexdale, Ontario, Canada"
472,Nayer,"Miami, U.S."
473,Ne-Yo,"Las Vegas, Nevada, U.S."
474,Nelly,"St. Louis, Missouri, U.S."
475,Nelly Furtado,"Victoria, British Columbia, Canada"
476,Neon Hitch,"Nottingham, England"
477,Neon Trees,"Provo, Utah, U.S."
478,New Boyz,"Hesperia, California, U.S."
479,NF,"Gladwin, Michigan, U.S."
480,Niall Horan,"Mullingar, Westmeath, Ireland"
481,Nick Jonas,"Dallas, Texas, U.S."
482,Nick Lachey,"Harlan, Kentucky, U.S."
483,Nickelback,"Hanna, Alberta, Canada"
484,Nicki Minaj,"New York City, United States"
485,Nicky Jam,"Lawrence, Massachusetts, U.S."
486,Nico,"Cologne, Germany"
487,Niia,"Needham, Massachusetts, US"
488,Niko Moon,"Tyler, Texas, U.S."
489,Nio Garcia,"San Juan, Puerto Rico"
490,NLE Choppa,"Memphis, Tennessee, U.S."
491,Normani,"Atlanta, Georgia, U.S."
492,O.T. Genasis,"Long Beach, California, U.S."
493,Of Monsters And Men,"Reykjavík, Iceland"
494,Offset,"Lawrenceville, Georgia, U.S."
495,Old Dominion,"Nashville, Tennessee, U.S."
496,Olivia O'Brien,"Thousand Oaks, California, U.S."
497,Olivia Rodrigo,"Murrieta, California, U.S."
498,Olly Murs,"Witham, Essex, England"
499,Omarion,"Inglewood, California, U.S."
500,OMI,"Clarendon, Jamaica"
501,One Direction,"London, England"
502,OneRepublic,"Colorado Springs, Colorado, U.S."
503,Orianthi,"Adelaide, Australia"
504,Owl City,"Owatonna, Minnesota, U.S."
505,Ozuna,"San Juan, Puerto Rico"
506,P!nk,"Doylestown Township, Pennsylvania, U.S."
507,Panic! At The Disco,"Las Vegas, Nevada, U.S."
508,Paramore,"Franklin, Tennessee, U.S."
509,Parmalee,"Parmele, North Carolina, U.S."
510,Passenger,"Brighton, England"
511,Patrick Stump,"Evanston, Illinois, U.S."
512,Paul McCartney,"Liverpool, England"
513,Paul Wall,"Houston, Texas, U.S."
514,Paula DeAnda,"San Angelo, Texas, U.S."
515,Pharrell,"Virginia Beach, Virginia, U.S."
516,Pharrell Williams,"Virginia Beach, Virginia, U.S."
517,Phillip Phillips,"Leesburg, Georgia, U.S."
518,Pinkfong,"Seocho-dong, Seoul, South Korea"
519,Pistol Annies,"Nashville, Tennessee, United States"
520,Pitbull,"Miami, Florida, U.S"
521,Plain White T's,"Lombard, Illinois, U.S."
522,Playboi Carti,"Riverdale, Georgia, U.S."
523,Plies,"Fort Myers, Florida, U.S."
524,PnB Rock,"Philadelphia, Pennsylvania, U.S."
525,Polo G,"Old Town, Chicago, Illinois, U.S."
526,Polow Da Don,"Atlanta, Georgia, U.S."
527,Pooh Shiesty,"Memphis, Tennessee, U.S."
528,Pop Smoke,"New York City, U.S."
529,Portugal. The Man,"Wasilla, Alaska, U.S."
530,Post Malone,"Los Angeles, California, U.S."
531,Powfu,"Vancouver, Canada"
532,Pretty Ricky,"Miami, Florida, United States"
533,Project Pat,"North Memphis, Memphis, Tennessee, U.S."
534,PSY,"Seoul, South Korea"
535,Pusha T,"Virginia Beach, Virginia, U.S."
536,Quavo,"Lawrenceville, Georgia, U.S."
537,R. City,"Saint Thomas, United States Virgin Islands"
538,R. Kelly,"Chicago, Illinois, U.S."
539,Rachel Platten,"Newton Centre, Massachusetts, U.S."
540,Rae Sremmurd,"Tupelo, Mississippi, U.S."
541,Randy Houser,"Lake, Mississippi, U.S."
542,Rascal Flatts,"Columbus, Ohio, U.S."
543,Rauw Alejandro,"San Juan, Puerto Rico"
544,Ray Dalton,"Seattle, Washington"
545,Ray J,"McComb, Mississippi, U.S."
546,Red Hot Chili Peppers,"Los Angeles, California, U.S."
547,Remy Boyz,"Paterson, New Jersey, U.S."
548,Rich Boy,"Mobile, Alabama, U.S."
549,Rich Gang,"New Orleans, Louisiana, U.S."
550,Rich Homie Quan,"Atlanta, Georgia, U.S."
551,Rich The Kid,"College Park, Georgia, U.S"
552,Rick Ross,"Miami Gardens, Florida, U.S."
553,Rihanna,"Saint Michael, Barbados"
554,Rita Ora,"Pristina, SFR Yugoslavia"
555,Ritt Momney,"Salt Lake City, Utah, U.S."
556,Rivers Cuomo,"Los Angeles, California, U.S."
557,Rixton,"Manchester, England"
558,Rob Thomas,"Sarasota, Florida, U.S."
559,Robin Thicke,"Los Angeles, California, U.S."
560,Rocko,"Atlanta, Georgia, U.S."
561,Rod Wave,"St. Petersburg, Florida, U.S."
562,Roddy Ricch,"Compton, California, U.S."
563,Rodney Atkins,"Cumberland Gap, Tennessee, U.S."
564,Roman GianArthur,
565,Ron Browz,"New York City, U.S."
566,Roscoe Dash,"Little Rock, Arkansas, United States"
567,Rozes,"Montgomeryville, Pennsylvania, United States"
568,Ruth B,"Edmonton, Alberta, Canada"
569,Ryan Hurd,"Chicago, Illinois, U.S."
570,Ryan Lewis,"Seattle, Washington, U.S."
571,Ryan Tedder,"Colorado Springs, Colorado, U.S."
572,Sabi,"Inglewood, California, United States"
573,Sage The Gemini,"Fairfield, California, U.S."
574,SAINt JHN,"Georgetown, Guyana"
575,Sam Hunt,"Nashville, Tennessee, U.S."
576,Sam Smith,"London, England"
577,Sammie,"Miami, Florida, U.S."
578,Santana,"San Francisco, California"
579,Sara Bareilles,"Eureka, California, U.S."
580,Saving Abel,"Corinth, Mississippi, U.S."
581,Saweetie,"Santa Clara, California, U.S."
582,ScHoolboy Q,"South Los Angeles, California, U.S."
583,Sean Garrett,"Atlanta, Georgia, U.S."
584,Sean Kingston,"Kingston, Jamaica"
585,Sean Paul,"Kingston, Jamaica"
586,Secondhand Serenade,"Menlo Park, California, U.S."
587,Selena Gomez,"Grand Prairie, Texas, U.S."
588,SHAED,"Washington, D.C."
589,Shakira,"Barranquilla, Colombia"
590,Shawn Mendes,"Pickering, Ontario, Canada"
591,Sheck Wes,"New York City, U.S."
592,Shinedown,"Jacksonville, Florida, U.S."
593,Shontelle,"Saint James, Barbados"
594,Shop Boyz,"Bankhead, Atlanta, Georgia, United States"
595,Sia,"Adelaide, Australia"
596,Silento,"Stone Mountain, Georgia, U.S."
597,Skip Marley,"Kingston, Jamaica"
598,Skrillex,"Los Angeles, California, U.S."
599,Skylar Grey,"Mazomanie, Wisconsin, U.S."
600,Slim Thug,"Houston, Texas, U.S."
601,Snoop Dogg,"Long Beach, California, U.S."
602,Snow,"Toronto, Ontario, Canada"
603,Snow Patrol,"Dundee, Scotland"
604,Social House,"Pittsburgh, Pennsylvania, US"
605,Sons,
606,Soulja Boy,"Atlanta, Georgia, U.S."
607,Spearhead,"Oakland, California, United States"
608,SpotemGottem,"Jacksonville, Florida, U.S"
609,Static Major,"Louisville, Kentucky, U.S."
610,StaySolidRocky,"San Antonio, Texas, U.S."
611,Sugarland,"Douglas, Georgia, U.S."
612,Superpower,
613,Surf Mesa,"Sammamish, Washington, U.S."
614,Surfaces,"College Station, Texas, United States"
615,Swae Lee,"Tupelo, Mississippi, U.S."
616,Swedish House Mafia,"Stockholm, Sweden"
617,SZA,"Maplewood, New Jersey, U.S."
618,T-Pain,"Tallahassee, Florida, U.S."
619,T-Wayne,"Houston, Texas"
620,T.I.,"Bankhead, Atlanta, Georgia, U.S."
621,Tae,"Green Bay, Wisconsin, U.S."
622,Taio Cruz,"Brent, Greater London, England"
623,Tate McRae,"Calgary, Alberta, Canada"
624,Tay Dizm,"Miami, Florida, U.S."
625,Taylor Hicks,"Birmingham, Alabama, U.S."
626,Taylor Swift,"Nashville, Tennessee, U.S."
627,Teddy Geiger,"Rochester, New York, U.S."
628,Tems,"Lagos, Nigeria"
629,The All-American Rejects,"Stillwater, Oklahoma, U.S."
630,The Band Perry,"Greeneville, Tennessee, U.S."
631,The Black Eyed Peas,"Los Angeles, California, U.S."
632,The Cataracs,"Berkeley, California, United States"
633,The Chainsmokers,"New York City, U.S."
634,The DEY,"South Bronx, New York City, New York, United States"
635,The Fray,"Denver, Colorado, U.S."
636,The Game,"Compton, California, United States"
637,The Kid LAROI,"Waterloo, New South Wales, Australia"
638,The Lumineers,"Denver, Colorado, U.S.Ramsey, New Jersey, U.S."
639,The Neighbourhood,"Newbury Park, California, U.S."
640,The Pussycat Dolls,"Los Angeles, California, U.S."
641,The Red Jumpsuit Apparatus,"Middleburg, Florida, U.S."
642,The Scene,"Los Angeles, California, U.S."
643,The Script,"Dublin, Ireland"
644,The Veronicas,"Albany Creek, Queensland, Australia"
645,The Wanted,"Swinton, Greater Manchester, England"
646,The Weeknd,"Toronto, Ontario, Canada"
647,The-Dream,"Atlanta, Georgia, U.S."
648,Thomas Rhett,"Nashville, Tennessee, U.S."
649,Thompson Square,"Nashville, Tennessee, U.S."
650,Three 6 Mafia,"Memphis, Tennessee, U.S."
651,Tiara Thomas,"Indianapolis, Indiana, U.S."
652,Tim McGraw,"Start, Louisiana, U.S."
653,Timbaland,"Norfolk, Virginia, U.S."
654,Tinashe,"Pasadena, California, U.S."
655,Tinie Tempah,"Plumstead, London, England"
656,Toby Keith,"Moore, Oklahoma, U.S."
657,Tones And I,"Frankston, Victoria, Australia"
658,Too $hort,"Oakland, California, U.S."
659,Tory Lanez,"Brampton, Ontario, Canada"
660,Tove Lo,"Djursholm, Stockholm, Sweden"
661,Trace Adkins,"Springhill, Louisiana, U.S."
662,Train,"San Francisco, California, U.S."
663,Travie McCoy,"Geneva, New York, U.S."
664,Travis Scott,"Houston, Texas, U.S."
665,Trevor Daniel,"Houston, Texas, U.S."
666,Trey Songz,"Petersburg, Virginia, U.S."
667,twenty one pilots,"Columbus, Ohio, U.S."
668,Ty Dolla $ign,"Los Angeles, California, U.S."
669,Tyga,"Gardena, California, U.S."
670,Tyrese,"Los Angeles, California, U.S."
671,Uncle Kracker,"Mount Clemens, Michigan, U.S."
672,Unk,"Atlanta, Georgia, U.S."
673,Usher,"Dallas, Texas, U.S."
674,Vance Joy,St Kevin's CollegeMonash University
675,Vika Jigulina,"Bucharest, Romania"
676,Vinz,"Oslo, Norway"
677,Waka Flocka Flame,"Atlanta, Georgia, U.S."
678,Wale,"Gaithersburg, Maryland, U.S."
679,WALK THE MOON,"Cincinnati, Ohio, U.S."
680,Walker Hayes,"Mobile, Alabama, U.S."
681,Wanz,"Seattle, Washington, U.S."
682,Webbie,"Baton Rouge, Louisiana, U.S."
683,will.i.am,"Los Angeles, California, U.S."
684,Willy William,"Fréjus, Provence-Alpes-Côte d'Azur, France"
685,Wiz Khalifa,"Pittsburgh, Pennsylvania, U.S."
686,Wizkid,"Surulere, Lagos, Nigeria"
687,Wyclef Jean,"Newark, New Jersey, U.S."
688,Wynter,"New York City, U.S."
689,X Ambassadors,"Ithaca, New York, United States"
690,XXXTENTACION,"Broward County, Florida, U.S."
691,YFN Lucci,"Atlanta, Georgia, U.S."
692,YG,"Compton, California, U.S."
693,Ying Yang Twins,"Atlanta, Georgia, U.S."
694,YK Osiris,"Jacksonville, Florida, U.S."
695,Ylvis,"Bergen,Norway"
696,YNW Melly,"Gifford, Florida, U.S."
697,Yo Gotti,"Memphis, Tennessee, U.S."
698,Young Buck,"Nashville, Tennessee, U.S."
699,Young Dolph,"Memphis, Tennessee, U.S."
700,Young Dro,"Bankhead, Atlanta, Georgia, United States"
701,Young Jeezy,"Atlanta, Georgia, U.S."
702,Young Money,"Hollygrove, New Orleans, Louisiana, U.S."
703,Young Thug,"Atlanta, Georgia, U.S."
704,YoungBoy Never Broke Again,"Baton Rouge, Louisiana, U.S."
705,Yung Berg,"Chicago, Illinois, U.S."
706,Yung Bleu,"Mobile, Alabama, U.S."
707,Yung D,
708,Yung Joc,"College Park, Georgia, U.S."
709,Zac Brown Band,"Atlanta, Georgia, U.S."
710,Zacari,"Bakersfield, California, U.S."
711,Zara Larsson,"Solna, Stockholm, Sweden"
712,Zay Hilfigerrr,"Detroit, Michigan, United States"
713,Zayion McCall,"Detroit, Michigan, United States"
714,Zayn,"Bradford, West Yorkshire, England"
715,Zedd,"Kaiserslautern, Germany"
